hanzi,pinyin,hanviet,meaning_vi,hsk,lesson,example_zh,example_vi,note,verified,active,pos_vi,traditional,radical,frequency,homophone_key,meanings_en,flags
爱,ài,ái,"yêu, yêu thích",1,,,,,FALSE,TRUE,động từ,愛,爫,130,ai,to love; to be fond of; to like; affection; to be inclined (to do sth); to tend to (happen),
八,bā,bát,tám (số 8),1,,,,,FALSE,TRUE,số từ,,八,1362,ba,eight; 8,
爸爸,bà ba,,"bố, ba",1,,,,,FALSE,TRUE,danh từ,,父,908,baba,(coll.) father; dad,
杯子,bēi zi,bôi tử,"cái cốc, cái ly",1,,,,,FALSE,TRUE,danh từ,,木,6162,beizi,cup; glass,
北京,běi jīng,Bắc Kinh,Bắc Kinh,1,,,,,FALSE,TRUE,danh từ riêng,,匕,4799,beijing,"Beijing, capital of the People's Republic of China",
本,běn,bản,"quyển, cuốn (lượng từ cho sách)",1,,,,,FALSE,TRUE,lượng từ,,木,222,ben,root; stem; origin,
不,bù,bất,không (phủ định),1,,,,,FALSE,TRUE,phó từ,,一,9,bu,no; not so; (bound form) not; un-,
不客气,bù kè qi,bất khách khí,"không có gì, đừng khách sáo",1,,,,,FALSE,TRUE,cụm từ,不客氣,一,16723,bukeqi,you're welcome; don't mention it; impolite,
菜,cài,thái,món ăn; rau,1,,,,,FALSE,TRUE,danh từ,,艹,1448,cai,dish (type of food); vegetable; cuisine,
茶,chá,trà,"trà, chè",1,,,,,FALSE,TRUE,danh từ,,艹,1910,cha,tea; tea plant,
吃,chī,,ăn,1,,,,,FALSE,TRUE,động từ,,口,142,chi,to eat; to consume; to eat at (a cafeteria etc); to eradicate; to destroy,multi_reading
出租车,chū zū chē,xuất tô xa,xe taxi,1,,,,,FALSE,TRUE,danh từ,出租車,凵,2677,chuzuche,taxi; (Tw) rental car,
打电话,dǎ diàn huà,đả điện thoại,gọi điện thoại,1,,,,,FALSE,TRUE,động từ,打電話,扌,1218,dadianhua,to make a telephone call,
大,dà,đại,"to, lớn",1,,,,,FALSE,TRUE,tính từ,,大,66,da,big; large; great; older (than another person); eldest (as in 姐),multi_reading
的,de,,trợ từ sở hữu / định ngữ (của),1,,,,,FALSE,TRUE,trợ từ,,白,1,de,of; ~'s (possessive particle); (used after an attribute); (used to form a nominal expression),multi_reading; single_char_multi_sound
点,diǎn,điểm,"giờ (chỉ giờ); điểm, chấm",1,,,,,FALSE,TRUE,lượng từ / danh từ,點,灬,58,dian,point; dot; drop,
电脑,diàn nǎo,điện não,"máy tính, máy vi tính",1,,,,,FALSE,TRUE,danh từ,電腦,曰,946,diannao,computer,
电视,diàn shì,điện thị,"tivi, truyền hình",1,,,,,FALSE,TRUE,danh từ,電視,曰,779,dianshi,television; TV,
电影,diàn yǐng,điện ảnh,"phim, điện ảnh",1,,,,,FALSE,TRUE,danh từ,電影,曰,546,dianying,movie; film,
东西,dōng xi,đông tây,"đồ, đồ vật, thứ",1,,,,,FALSE,TRUE,danh từ,東西,一,226,dongxi,thing; stuff; person,ambiguous_tone; multi_reading
都,dōu,đô,"đều, tất cả đều",1,,,,,FALSE,TRUE,phó từ,,阝,25,dou,all; both; entirely; (used for emphasis) even; already,multi_reading; single_char_multi_sound
读,dú,độc,đọc,1,,,,,FALSE,TRUE,động từ,讀,讠,1013,du,to read out; to read aloud; to read; to attend (school); to study (a subject in school),multi_reading; single_char_multi_sound
对不起,duì bu qǐ,đối bất khởi,xin lỗi,1,,,,,FALSE,TRUE,cụm từ,對不起,寸,1577,duibuqi,I'm sorry; excuse me; I beg your pardon; to let (sb) down; to disappoint,
多,duō,đa,nhiều,1,,,,,FALSE,TRUE,tính từ,,夕,80,duo,many; much; too many; in excess; (after a numeral) ... odd,
多少,duō shao,đa thiểu,bao nhiêu,1,,,,,FALSE,TRUE,đại từ nghi vấn,,夕,526,duoshao,"how much?; how many?; (phone number, student ID etc) what number?",ambiguous_tone; multi_reading
儿子,ér zi,nhi tử,con trai,1,,,,,FALSE,TRUE,danh từ,兒子,儿,665,erzi,son,
二,èr,nhị,hai (số 2),1,,,,,FALSE,TRUE,số từ,,二,664,er,two; 2; (Beijing dialect) stupid,
饭馆,fàn guǎn,phạn quán,"quán ăn, nhà hàng",1,,,,,FALSE,TRUE,danh từ,飯館,饣,16449,fanguan,restaurant,absent_sourceB
飞机,fēi jī,phi cơ,máy bay,1,,,,,FALSE,TRUE,danh từ,飛機,飞,1067,feiji,airplane,
分钟,fēn zhōng,phân chung,phút,1,,,,,FALSE,TRUE,lượng từ,分鐘,刀,465,fenzhong,minute,
高兴,gāo xìng,cao hưng,"vui, vui vẻ",1,,,,,FALSE,TRUE,tính từ,高興,高,920,gaoxing,happy; glad; willing (to do sth),
个,gè,cá,"cái, con, người (lượng từ chung)",1,,,,,FALSE,TRUE,lượng từ,個,丨,19,ge,(classifier used before a noun that has no specific classifier); (bound form) individual,multi_reading
工作,gōng zuò,công tác,làm việc; công việc,1,,,,,FALSE,TRUE,động từ / danh từ,,工,111,gongzuo,to work; (of a machine) to operate; job,
狗,gǒu,cẩu,con chó,1,,,,,FALSE,TRUE,danh từ,,犭,620,gou,dog,
汉语,hàn yǔ,Hán ngữ,"tiếng Hán, tiếng Trung",1,,,,,FALSE,TRUE,danh từ,漢語,氵,13422,hanyu,Chinese language,
好,hǎo,hảo,"tốt, hay, khỏe",1,,,,,FALSE,TRUE,tính từ,,女,20,hao,good; appropriate; proper; all right!,multi_reading; single_char_multi_tone
喝,hē,,uống,1,,,,,FALSE,TRUE,động từ,,口,428,he,to drink; variant of 嗬,multi_reading; single_char_multi_tone
和,hé,hòa,"và, với",1,,,,,FALSE,TRUE,liên từ / giới từ,,口,19,he,(joining two nouns) and; together with; with (Taiwan pr. [hàn]); (math.) sum; to make peace,multi_reading; single_char_multi_sound
很,hěn,,rất,1,,,,,FALSE,TRUE,phó từ,,彳,35,hen,(adverb of degree); quite; very,
后面,hòu mian,hậu diện,"phía sau, đằng sau",1,,,,,FALSE,TRUE,danh từ chỉ vị trí,後面,口,1300,houmian,the back; the rear; the last bit; behind; near the end; at the back; later; afterwards,
回,huí,hồi,"về, trở về",1,,,,,FALSE,TRUE,động từ,,囗,225,hui,to circle; to go back; to turn around,multi_reading
会,huì,hội,biết (làm gì); sẽ,1,,,,,FALSE,TRUE,động từ năng nguyện,會,人,23,hui,can; to have the skill; to know how to; to be likely to; to be sure to; to meet; to get together,multi_reading; single_char_multi_sound
火车站,huǒ chē zhàn,hỏa xa trạm,nhà ga xe lửa,1,,,,,FALSE,TRUE,danh từ,火車站,火,7270,huochezhan,train station,
几,jǐ,kỷ,"mấy, bao nhiêu",1,,,,,FALSE,TRUE,đại từ nghi vấn,幾,几,178,ji,how much; how many; several,multi_reading; single_char_multi_tone
家,jiā,gia,"nhà, gia đình",1,,,,,FALSE,TRUE,danh từ,,宀,124,jia,"home; family; (polite) my (sister, uncle etc)",multi_reading
叫,jiào,khiếu,gọi; tên là,1,,,,,FALSE,TRUE,động từ,,口,200,jiao,to shout; to call; to order,multi_reading
今天,jīn tiān,kim thiên,hôm nay,1,,,,,FALSE,TRUE,danh từ chỉ thời gian,,人,155,jintian,today; at the present; now,
九,jiǔ,cửu,chín (số 9),1,,,,,FALSE,TRUE,số từ,,乙,2040,jiu,nine; 9,
开,kāi,khai,mở; lái (xe),1,,,,,FALSE,TRUE,động từ,開,廾,195,kai,"to open (transitive or intransitive); (of ships, vehicles, troops etc) to start; to turn on; to put in operation; to operate; to run",
看,kàn,khán,"xem, nhìn",1,,,,,FALSE,TRUE,động từ,,目,52,kan,to see; to look at; to read; to watch,multi_reading; single_char_multi_tone
看见,kàn jiàn,khán kiến,"nhìn thấy, trông thấy",1,,,,,FALSE,TRUE,động từ,看見,目,870,kanjian,to see; to catch sight of,
块,kuài,khối,"đồng (tiền); miếng, cục",1,,,,,FALSE,TRUE,lượng từ,塊,土,483,kuai,"lump; chunk; piece; classifier for pieces of cloth, cake, soap etc; (coll.) classifier for money and currency units",
来,lái,lai,"đến, tới",1,,,,,FALSE,TRUE,động từ,來,木,31,lai,"to come; (used as a substitute for a more specific verb); hither (directional complement for motion toward the speaker, as in 回来)",
老师,lǎo shī,lão sư,"giáo viên, thầy/cô",1,,,,,FALSE,TRUE,danh từ,老師,老,799,laoshi,teacher,
了,le,,trợ từ chỉ việc đã hoàn thành,1,,,,"HSK1 dùng làm trợ từ thể (吃了). pinyin-pro trả 'liǎo' là nghĩa 'xong/hoàn tất', không phải cách dùng HSK1.",TRUE,TRUE,trợ từ,,亅,3,le,"(completed action marker); (modal particle indicating change of state, situation now); (modal particle intensifying preceding clause)",override; multi_reading
冷,lěng,lãnh,lạnh,1,,,,,FALSE,TRUE,tính từ,,冫,1027,leng,cold,multi_reading
里,lǐ,lý,"trong, bên trong",1,,,,,FALSE,TRUE,danh từ chỉ vị trí,裡,里,75,li,lining; interior; inside,multi_reading
零,líng,linh,không (số 0),1,,,,,FALSE,TRUE,số từ,,雨,3623,ling,zero; nought; zero sign,
六,liù,lục,sáu (số 6),1,,,,,FALSE,TRUE,số từ,,八,802,liu,six; 6,
妈妈,mā ma,,"mẹ, má",1,,,,,FALSE,TRUE,danh từ,媽媽,女,527,mama,mama; mommy; mother,
吗,ma,,trợ từ tạo câu hỏi có/không,1,,,,,FALSE,TRUE,trợ từ,嗎,口,83,ma,"(question particle for ""yes-no"" questions)",multi_reading; single_char_multi_tone
买,mǎi,mãi,mua,1,,,,,FALSE,TRUE,động từ,買,大,240,mai,to buy; to purchase,
猫,māo,miêu,con mèo,1,,,,,FALSE,TRUE,danh từ,貓,犭,1150,mao,cat; (dialect) to hide oneself; (coll.) modem,
没,méi,,"không, chưa (phủ định cho 有 và quá khứ)",1,,,,,FALSE,TRUE,phó từ,沒,氵,63,mei,(negative prefix for verbs) have not; not,absent_sourceB; multi_reading; single_char_multi_sound
没关系,méi guān xi,,"không sao, không có gì",1,,,,,FALSE,TRUE,cụm từ,沒關係,氵,3541,meiguanxi,it doesn't matter,
米饭,mǐ fàn,mễ phạn,cơm,1,,,,,FALSE,TRUE,danh từ,米飯,米,10194,mifan,(cooked) rice,
名字,míng zi,danh tự,tên,1,,,,,FALSE,TRUE,danh từ,,口,829,mingzi,name (of a person or thing),
明天,míng tiān,minh thiên,ngày mai,1,,,,,FALSE,TRUE,danh từ chỉ thời gian,,日,469,mingtian,tomorrow,
哪,nǎ,,nào (từ nghi vấn),1,,,,,FALSE,TRUE,đại từ nghi vấn,,口,547,na,how; which,multi_reading; single_char_multi_sound
那,nà,,"kia, đó",1,,,,,FALSE,TRUE,đại từ chỉ định,,阝,48,na,"(specifier) that; the; those (colloquial pr. [nèi]); (pronoun) that (referring to persons, things or situations); then (in that case)",multi_reading; single_char_multi_sound
呢,ne,,trợ từ cuối câu hỏi (còn... thì sao?),1,,,,,FALSE,TRUE,trợ từ,,口,96,ne,"particle indicating that a previously asked question is to be applied to the preceding word (""What about ...?"", ""And ...?""); particle for inquiring about location (""Where is ...?""); particle signaling a pause, to emphasize the preceding words and allow the listener time to take them on board (""ok?"", ""are you with me?"")",multi_reading; single_char_multi_sound
能,néng,năng,"có thể, có khả năng",1,,,,,FALSE,TRUE,động từ năng nguyện,,⺼,46,neng,can; to be able to; might possibly,multi_reading
你,nǐ,nhĩ,"bạn, anh/chị (ngôi 2)",1,,,,,FALSE,TRUE,đại từ,,亻,5,ni,"you (informal, as opposed to courteous 您)",multi_reading
年,nián,niên,năm,1,,,,,FALSE,TRUE,danh từ / lượng từ,,干,79,nian,year,multi_reading
女儿,nǚ ér,nữ nhi,con gái,1,,,,,FALSE,TRUE,danh từ,女兒,女,879,nuer,daughter,
朋友,péng you,bằng hữu,"bạn, bạn bè",1,,,,,FALSE,TRUE,danh từ,,月,280,pengyou,friend,
漂亮,piào liang,,"đẹp, xinh",1,,,,,FALSE,TRUE,tính từ,,氵,915,piaoliang,pretty; beautiful,
苹果,píng guǒ,bình quả,quả táo,1,,,,,FALSE,TRUE,danh từ,蘋果,艹,2562,pingguo,apple,
七,qī,thất,bảy (số 7),1,,,,,FALSE,TRUE,số từ,,一,1419,qi,seven; 7,
前面,qián miàn,tiền diện,"phía trước, đằng trước",1,,,,,FALSE,TRUE,danh từ chỉ vị trí,,刂,1789,qianmian,ahead; in front; preceding,
钱,qián,tiền,tiền,1,,,,,FALSE,TRUE,danh từ,錢,钅,218,qian,"coin; money; unit of weight, one tenth of a tael 两",multi_reading
请,qǐng,thỉnh,mời; xin,1,,,,,FALSE,TRUE,động từ,請,讠,216,qing,to ask; to invite; please (do sth),
去,qù,khứ,"đi, đi đến",1,,,,,FALSE,TRUE,động từ,,厶,38,qu,to go; to go to (a place); (of a time etc) last,
热,rè,nhiệt,nóng,1,,,,,FALSE,TRUE,tính từ,熱,灬,938,re,to warm up; to heat up; hot (of weather),
人,rén,nhân,người,1,,,,,FALSE,TRUE,danh từ,,人,19,ren,person; people,
认识,rèn shi,nhận thức,"biết, quen (người/chữ)",1,,,,,FALSE,TRUE,động từ,認識,讠,463,renshi,to know; to recognize; to be familiar with,
日,rì,nhật,ngày; mặt trời,1,,,,,FALSE,TRUE,danh từ,,日,395,ri,"sun; day; date, day of the month",multi_reading
三,sān,tam,ba (số 3),1,,,,,FALSE,TRUE,số từ,,一,233,san,three; 3,multi_reading
商店,shāng diàn,thương điếm,"cửa hàng, tiệm",1,,,,,FALSE,TRUE,danh từ,,口,3479,shangdian,store; shop,
上,shàng,thượng,"trên, phía trên; lên",1,,,,,FALSE,TRUE,danh từ chỉ vị trí / động từ,,一,29,shang,(bound form) up; upper; above; previous; first (of multiple parts); to climb; to get onto; to go up,multi_reading
上午,shàng wǔ,thượng ngọ,buổi sáng,1,,,,,FALSE,TRUE,danh từ chỉ thời gian,,一,2188,shangwu,morning,
少,shǎo,thiểu,ít,1,,,,,FALSE,TRUE,tính từ,,小,538,shao,few; less; to lack,multi_reading; single_char_multi_tone
什么,shén me,,"gì, cái gì",1,,,,,FALSE,TRUE,đại từ nghi vấn,什麼,亻,55,shenme,what?; something; anything,
十,shí,thập,mười (số 10),1,,,,,FALSE,TRUE,số từ,,十,865,shi,ten; 10,
时候,shí hou,thời hậu,"lúc, khi, thời gian",1,,,,,FALSE,TRUE,danh từ,時候,日,107,shihou,time; length of time; moment,
是,shì,thị,là; đúng,1,,,,,FALSE,TRUE,động từ,,日,4,shi,to be (followed by substantives only); correct; right; true; (respectful acknowledgement of a command) very well,multi_reading
书,shū,thư,sách,1,,,,,FALSE,TRUE,danh từ,書,丨,560,shu,book; letter; document,multi_reading
谁,shéi,thùy,ai,1,,,,Giáo trình HSK đại lục dạy 'shéi'; 'shuí' là âm đọc trang trọng/văn viết.,TRUE,TRUE,đại từ nghi vấn,誰,讠,142,shei,who; also pr. [shuí],override
水,shuǐ,thủy,nước,1,,,,,FALSE,TRUE,danh từ,,水,335,shui,water; river; liquid,multi_reading
水果,shuǐ guǒ,thủy quả,"trái cây, hoa quả",1,,,,,FALSE,TRUE,danh từ,,水,3271,shuiguo,fruit,
睡觉,shuì jiào,thụy giác,"ngủ, đi ngủ",1,,,,,FALSE,TRUE,động từ,睡覺,目,944,shuijiao,to go to bed; to sleep,
说话,shuō huà,thuyết thoại,"nói, nói chuyện",1,,,,,FALSE,TRUE,động từ,說話,讠,880,shuohua,to speak; to say; to talk,
四,sì,tứ,bốn (số 4),1,,,,,FALSE,TRUE,số từ,,囗,481,si,four; 4,
岁,suì,tuế,tuổi,1,,,,,FALSE,TRUE,lượng từ,嵗,山,266,sui,"variant of 岁, year; years old",multi_reading
他,tā,tha,"anh ấy, nó (nam)",1,,,,,FALSE,TRUE,đại từ,,亻,10,ta,he; him (used for either sex when the sex is unknown or unimportant); (used before sb's name for emphasis); (used as a meaningless mock object),
她,tā,tha,"cô ấy, chị ấy (nữ)",1,,,,,FALSE,TRUE,đại từ,,女,38,ta,she,
太,tài,thái,"quá, quá mức",1,,,,,FALSE,TRUE,phó từ,,大,87,tai,highest; greatest; too (much),
天气,tiān qì,thiên khí,thời tiết,1,,,,,FALSE,TRUE,danh từ,天氣,大,1675,tianqi,weather,
听,tīng,thính,nghe,1,,,,,FALSE,TRUE,động từ,聽,口,190,ting,"to listen to; to hear; to heed; to obey; a can (loanword from English ""tin"")",multi_reading; single_char_multi_sound
同学,tóng xué,đồng học,"bạn học, bạn cùng lớp",1,,,,,FALSE,TRUE,danh từ,同學,口,1828,tongxue,to study at the same school; fellow student; classmate,
喂,wéi,,a-lô (khi gọi điện),1,,,,"HSK1 喂 = 'a-lô' khi gọi điện → wéi. 'wèi' là 'cho ăn, nuôi'.",TRUE,TRUE,thán từ,,口,1301,wei,hello (when answering the phone),override; multi_reading
我,wǒ,ngã,"tôi, tớ",1,,,,,FALSE,TRUE,đại từ,,戈,3,wo,I; me; my,
我们,wǒ men,ngã môn,"chúng tôi, chúng ta",1,,,,,FALSE,TRUE,đại từ,我們,戈,19,women,we; us; ourselves,
五,wǔ,ngũ,năm (số 5),1,,,,,FALSE,TRUE,số từ,,二,563,wu,five; 5,
喜欢,xǐ huan,hỉ hoan,thích,1,,,,,FALSE,TRUE,động từ,喜歡,口,139,xihuan,to like; to be fond of,
下,xià,hạ,"dưới, phía dưới; xuống",1,,,,,FALSE,TRUE,danh từ chỉ vị trí / động từ,,一,70,xia,down; downwards; below,
下午,xià wǔ,hạ ngọ,buổi chiều,1,,,,,FALSE,TRUE,danh từ chỉ thời gian,,一,782,xiawu,afternoon; p.m.,
下雨,xià yǔ,hạ vũ,"mưa, trời mưa",1,,,,,FALSE,TRUE,động từ,,一,5648,xiayu,to rain,
先生,xiān sheng,tiên sinh,"ông, ngài; thầy",1,,,,,FALSE,TRUE,danh từ,,儿,586,xiansheng,teacher; gentleman; sir; mister (Mr.); husband,
现在,xiàn zài,hiện tại,"hiện tại, bây giờ",1,,,,,FALSE,TRUE,danh từ chỉ thời gian,現在,王,77,xianzai,now; at present; at the moment,
想,xiǎng,tưởng,"muốn; nghĩ, nhớ",1,,,,,FALSE,TRUE,động từ,,心,44,xiang,to think (about); to think of; to devise; to think (that); to believe (that),
小,xiǎo,tiểu,"nhỏ, bé",1,,,,,FALSE,TRUE,tính từ,,小,100,xiao,small; tiny; few,
小姐,xiǎo jie,tiểu tỷ,"cô, tiểu thư (gọi phụ nữ trẻ)",1,,,,,FALSE,TRUE,danh từ,,小,1575,xiaojie,young lady; miss; (slang) prostitute,
些,xiē,,"một ít, vài (dùng với 这/那)",1,,,,,FALSE,TRUE,lượng từ,,二,611,xie,"classifier indicating a small amount or small number greater than 1: some, a few, several",
写,xiě,tả,viết,1,,,,,FALSE,TRUE,động từ,寫,冖,352,xie,to write,
谢谢,xiè xie,tạ tạ,cảm ơn,1,,,,,FALSE,TRUE,động từ,謝謝,讠,520,xiexie,to thank; thanks; thank you,
星期,xīng qī,tinh kỳ,tuần; thứ (trong tuần),1,,,,,FALSE,TRUE,danh từ,,日,1956,xingqi,week; day of the week; Sunday,
学生,xué sheng,học sinh,"học sinh, sinh viên",1,,,,,FALSE,TRUE,danh từ,學生,子,651,xuesheng,student; schoolchild,
学习,xué xí,học tập,"học, học tập",1,,,,,FALSE,TRUE,động từ,學習,子,789,xuexi,to learn; to study,
学校,xué xiào,học hiệu,trường học,1,,,,,FALSE,TRUE,danh từ,學校,子,430,xuexiao,school,
一,yī,nhất,một (số 1),1,,,,,FALSE,TRUE,số từ,,一,21,yi,one; single; a (article),
衣服,yī fu,y phục,quần áo,1,,,,,FALSE,TRUE,danh từ,,衣,1472,yifu,clothes,
医生,yī shēng,y sinh,bác sĩ,1,,,,,FALSE,TRUE,danh từ,醫生,匸,827,yisheng,doctor,
医院,yī yuàn,y viện,bệnh viện,1,,,,,FALSE,TRUE,danh từ,醫院,匸,608,yiyuan,hospital,
椅子,yǐ zi,ỷ tử,cái ghế,1,,,,,FALSE,TRUE,danh từ,,木,4472,yizi,chair,
有,yǒu,hữu,có,1,,,,,FALSE,TRUE,động từ,,月,9,you,to have; there is; (bound form) having; with; -ful; -ed; -al (as in 意 intentional),
月,yuè,nguyệt,tháng; mặt trăng,1,,,,,FALSE,TRUE,danh từ,,月,161,yue,moon; month; monthly,
再见,zài jiàn,tái kiến,tạm biệt,1,,,,,FALSE,TRUE,cụm từ,再見,冂,2487,zaijian,goodbye; see you again later,
在,zài,tại,"ở, tại; đang",1,,,,,FALSE,TRUE,giới từ / động từ,,土,5,zai,to exist; to be alive; (of sb or sth) to be (located) at; (used before a verb to indicate an action in progress),
怎么,zěn me,,"thế nào, làm sao",1,,,,,FALSE,TRUE,đại từ nghi vấn,怎麼,心,128,zenme,how?; what?; why?,multi_reading
怎么样,zěn me yàng,,"thế nào, ra sao",1,,,,,FALSE,TRUE,đại từ nghi vấn,怎麼樣,心,1367,zenmeyang,how?; how about?; how was it?,
这,zhè,,"này, đây",1,,,,,FALSE,TRUE,đại từ chỉ định,這,辶,11,zhe,"(pronoun) this; these; (bound form) this; the (followed by a noun); (bound form) this; these (followed by a classifier) (in this sense, commonly pr. [zhèi], esp. in Beijing)",
中国,zhōng guó,Trung Quốc,Trung Quốc,1,,,,,FALSE,TRUE,danh từ riêng,中國,丨,729,zhongguo,China,
中午,zhōng wǔ,trung ngọ,buổi trưa,1,,,,,FALSE,TRUE,danh từ chỉ thời gian,,丨,2600,zhongwu,noon; midday,
住,zhù,trú,"ở, sống, cư trú",1,,,,,FALSE,TRUE,động từ,,亻,280,zhu,to live; to dwell; to stay,
桌子,zhuō zi,trác tử,cái bàn,1,,,,,FALSE,TRUE,danh từ,,木,3639,zhuozi,table; desk,
字,zì,tự,chữ,1,,,,,FALSE,TRUE,danh từ,,子,913,zi,letter; symbol; character,
昨天,zuó tiān,tạc thiên,hôm qua,1,,,,,FALSE,TRUE,danh từ chỉ thời gian,,日,557,zuotian,yesterday,
坐,zuò,tọa,ngồi; đi (bằng xe/tàu),1,,,,,FALSE,TRUE,động từ,,土,435,zuo,"to sit; to take a seat; to take (a bus, airplane etc)",multi_reading
做,zuò,tố,"làm, chế tạo",1,,,,,FALSE,TRUE,động từ,,亻,53,zuo,to make; to produce; to write; to compose; to do; to engage in; to hold (a party etc),
吧,ba,,"trợ từ đề nghị hoặc phỏng đoán (nhé, đi, chứ)",2,,,,,FALSE,TRUE,trợ từ,,口,58,ba,(modal particle indicating suggestion or surmise); ...right?; ...OK?,multi_reading; single_char_multi_tone
白,bái,bạch,màu trắng; trắng,2,,,,,FALSE,TRUE,tính từ,,白,930,bai,white; snowy; pure,multi_reading
百,bǎi,bách,trăm,2,,,,,FALSE,TRUE,số từ,,白,2455,bai,hundred; numerous; all kinds of,multi_reading
帮助,bāng zhù,bang trợ,giúp đỡ; sự giúp đỡ,2,,,,,FALSE,TRUE,động từ / danh từ,幫助,巾,499,bangzhu,assistance; aid; to help; to assist,
报纸,bào zhǐ,báo chỉ,"báo, tờ báo",2,,,,,FALSE,TRUE,danh từ,報紙,扌,2232,baozhi,newspaper; newsprint,
比,bǐ,tỉ,"so, so với",2,,,,,FALSE,TRUE,giới từ / động từ,,比,155,bi,to compare; (followed by a noun and adjective) more {adj.} than {noun}; ratio,multi_reading; single_char_multi_tone
便宜,pián yi,tiện nghi,rẻ,2,,,,,FALSE,TRUE,tính từ,,亻,2814,pianyi,cheap; inexpensive; small advantages,multi_reading
别,bié,biệt,"đừng, chớ; khác",2,,,,,FALSE,TRUE,phó từ,別,刂,214,bie,to leave; to part (from); (literary) to differentiate; to distinguish; (bound form) other; another; different,multi_reading; single_char_multi_tone
唱歌,chàng gē,xướng ca,hát,2,,,,,FALSE,TRUE,động từ,,口,2876,changge,to sing a song,
出,chū,xuất,"ra, đi ra",2,,,,,FALSE,TRUE,động từ,,凵,85,chu,to go out; to come out; to occur,multi_reading
穿,chuān,xuyên,"mặc, mang (quần áo, giày)",2,,,,,FALSE,TRUE,động từ,,穴,430,chuan,to wear; to put on; to dress,
船,chuán,thuyền,"thuyền, tàu thủy",2,,,,,FALSE,TRUE,danh từ,,舟,1346,chuan,boat; vessel; ship,multi_reading
次,cì,thứ,"lần, lượt",2,,,,,FALSE,TRUE,lượng từ,,欠,99,ci,"next in sequence; second; the second (day, time etc)",
从,cóng,tùng,"từ (nơi nào, lúc nào)",2,,,,,FALSE,TRUE,giới từ,從,人,70,cong,from; through; via,multi_reading
错,cuò,thố,"sai, lỗi",2,,,,,FALSE,TRUE,tính từ / danh từ,錯,钅,531,cuo,mistake; wrong; bad,multi_reading
打篮球,dǎ lán qiú,đả lam cầu,chơi bóng rổ,2,,,,,FALSE,TRUE,động từ,打籃球,扌,1000000,dalanqiu,to play basketball,
大家,dà jiā,đại gia,mọi người,2,,,,,FALSE,TRUE,đại từ,,大,189,dajia,everyone; influential family; great expert,
但是,dàn shì,đãn thị,"nhưng, tuy nhiên",2,,,,,FALSE,TRUE,liên từ,,亻,115,danshi,but; however,
到,dào,đáo,"đến, tới",2,,,,,FALSE,TRUE,động từ,,刂,29,dao,to reach; to arrive; to leave for; to go to; to (a place); until (a time); up to (a point),
得,dé,đắc,được; trợ từ nối bổ ngữ mức độ (跑得快),2,,,,,FALSE,TRUE,động từ / trợ từ,,彳,58,de,to obtain; to get; to gain,multi_reading; single_char_multi_sound
弟弟,dì di,đệ đệ,em trai,2,,,,,FALSE,TRUE,danh từ,,弓,2424,didi,younger brother,
第一,dì yī,đệ nhất,"thứ nhất, đầu tiên",2,,,,,FALSE,TRUE,số từ thứ tự,,⺮,223,diyi,first; number one; primary,
懂,dǒng,đổng,hiểu,2,,,,,FALSE,TRUE,động từ,,忄,669,dong,to understand; to comprehend,
房间,fáng jiān,phòng gian,căn phòng,2,,,,,FALSE,TRUE,danh từ,房間,户,1357,fangjian,room,
非常,fēi cháng,phi thường,"vô cùng, rất",2,,,,,FALSE,TRUE,phó từ,,非,194,feichang,very; really; unusual; extraordinary,
服务员,fú wù yuán,phục vụ viên,nhân viên phục vụ,2,,,,,FALSE,TRUE,danh từ,服務員,月,5531,fuwuyuan,waiter; waitress; attendant,
高,gāo,cao,cao,2,,,,,FALSE,TRUE,tính từ,,高,290,gao,high; tall; above average,multi_reading
告诉,gào su,cáo tố,"nói cho biết, bảo",2,,,,,FALSE,TRUE,động từ,告訴,口,252,gaosu,to tell; to inform; to let know,ambiguous_tone; multi_reading
哥哥,gē ge,ca ca,anh trai,2,,,,,FALSE,TRUE,danh từ,,口,1655,gege,older brother,
给,gěi,cấp,"cho, đưa cho; cho (ai làm gì)",2,,,,,FALSE,TRUE,động từ / giới từ,給,纟,46,gei,to; for; for the benefit of,multi_reading; single_char_multi_sound
公共汽车,gōng gòng qì chē,công cộng khí xa,xe buýt,2,,,,,FALSE,TRUE,danh từ,公共汽車,八,13591,gonggongqiche,bus,
公斤,gōng jīn,công cân,ki-lô-gam,2,,,,,FALSE,TRUE,lượng từ,,八,4784,gongjin,kilogram (kg),
公司,gōng sī,công ty,công ty,2,,,,,FALSE,TRUE,danh từ,,八,220,gongsi,company; firm; corporation,
贵,guì,quý,đắt; quý,2,,,,,FALSE,TRUE,tính từ,貴,贝,2239,gui,expensive; noble; precious,
还,hái,hoàn,"còn, vẫn còn",2,,,,,FALSE,TRUE,phó từ,還,辶,37,hai,still; still in progress; still more,multi_reading; single_char_multi_sound
孩子,hái zi,hài tử,đứa trẻ; con,2,,,,,FALSE,TRUE,danh từ,,子,207,haizi,child,
好吃,hǎo chī,,ngon,2,,,,,FALSE,TRUE,tính từ,,女,2484,haochi,tasty; delicious,ambiguous_tone; multi_reading
号,hào,hiệu,ngày (trong tháng); số,2,,,,,FALSE,TRUE,danh từ,號,口,278,hao,ordinal number; day of a month; mark,multi_reading; single_char_multi_tone
黑,hēi,hắc,"màu đen; đen, tối",2,,,,,FALSE,TRUE,tính từ,,黑,724,hei,black; dark; sinister,multi_reading
红,hóng,hồng,màu đỏ; đỏ,2,,,,,FALSE,TRUE,tính từ,紅,纟,794,hong,red; popular; revolutionary,multi_reading
欢迎,huān yíng,hoan nghênh,"hoan nghênh, chào mừng",2,,,,,FALSE,TRUE,động từ,歡迎,欠,796,huanying,to welcome; welcome,
回答,huí dá,hồi đáp,trả lời; câu trả lời,2,,,,,FALSE,TRUE,động từ / danh từ,,囗,1100,huida,to reply; to answer; reply; answer,
机场,jī chǎng,cơ trường,sân bay,2,,,,,FALSE,TRUE,danh từ,機場,木,2308,jichang,airport; airfield; (slang) service provider for Shadowsocks or similar software for circumventing Internet censorship,
鸡蛋,jī dàn,kê đản,trứng gà,2,,,,,FALSE,TRUE,danh từ,雞蛋,鸟,3501,jidan,(chicken) egg; hen's egg,
件,jiàn,kiện,"cái, chiếc (lượng từ cho áo, việc)",2,,,,,FALSE,TRUE,lượng từ,,亻,292,jian,"item; component; classifier for events, things, clothes etc",
教室,jiào shì,giáo thất,"lớp học, phòng học",2,,,,,FALSE,TRUE,danh từ,,攵,5082,jiaoshi,classroom,
介绍,jiè shào,giới thiệu,giới thiệu,2,,,,,FALSE,TRUE,động từ,介紹,人,779,jieshao,to introduce (sb to sb); to give a presentation; to present (sb for a job etc),
姐姐,jiě jie,tỷ tỷ,chị gái,2,,,,,FALSE,TRUE,danh từ,,女,1513,jiejie,older sister,
近,jìn,cận,gần,2,,,,,FALSE,TRUE,tính từ,,辶,822,jin,near; close to; approximately,
进,jìn,tiến,"vào, đi vào; tiến lên",2,,,,,FALSE,TRUE,động từ,進,辶,338,jin,to go forward; to advance; to go in,
就,jiù,tựu,"liền, ngay; thì",2,,,,,FALSE,TRUE,phó từ,,尢,15,jiu,(after a suppositional clause) in that case; then; (after a clause of action) as soon as; immediately after; (same as 是) merely; nothing else but; simply; just; precisely; exactly,
觉得,jué de,giác đắc,"cảm thấy, thấy rằng",2,,,,,FALSE,TRUE,động từ,覺得,见,161,juede,to think that ...; to feel that ...; to feel (uncomfortable etc),
咖啡,kā fēi,,cà phê,2,,,,,FALSE,TRUE,danh từ,,口,1698,kafei,coffee (loanword),
开始,kāi shǐ,khai thủy,bắt đầu,2,,,,,FALSE,TRUE,động từ / danh từ,開始,廾,132,kaishi,to begin; beginning; to start,
考试,kǎo shì,khảo thí,thi; kỳ thi,2,,,,,FALSE,TRUE,động từ / danh từ,考試,耂,1718,kaoshi,to take an exam; exam,
可能,kě néng,khả năng,"có thể, có lẽ; khả năng",2,,,,,FALSE,TRUE,phó từ / danh từ,,口,127,keneng,might (happen); possible; probable,
可以,kě yǐ,khả dĩ,"có thể, được phép",2,,,,,FALSE,TRUE,động từ năng nguyện,,口,58,keyi,can; may; possible,
课,kè,khóa,bài học; tiết học,2,,,,,FALSE,TRUE,danh từ,課,讠,1517,ke,subject; course; class,
快,kuài,khoái,nhanh; sắp,2,,,,,FALSE,TRUE,tính từ,,忄,153,kuai,rapid; quick; speed,
快乐,kuài lè,khoái lạc,"vui vẻ, hạnh phúc",2,,,,,FALSE,TRUE,tính từ,快樂,忄,637,kuaile,happy; joyful,
累,lèi,lụy,mệt,2,,,,,FALSE,TRUE,tính từ,,糸,1197,lei,tired; weary; to strain,multi_reading; single_char_multi_tone
离,lí,ly,"cách, rời khỏi",2,,,,,FALSE,TRUE,động từ,離,禸,912,li,to leave; to part from; to be away from,multi_reading; single_char_multi_sound
两,liǎng,lưỡng,hai (dùng trước lượng từ),2,,,,,FALSE,TRUE,số từ,兩,一,81,liang,two; both; some,
路,lù,lộ,đường; tuyến (xe),2,,,,,FALSE,TRUE,danh từ,,足,409,lu,road; journey; route,multi_reading
旅游,lǚ yóu,lữ du,du lịch,2,,,,,FALSE,TRUE,động từ / danh từ,旅遊,方,2534,luyou,trip; journey; tourism,
卖,mài,mại,bán,2,,,,,FALSE,TRUE,động từ,賣,十,590,mai,to sell; to betray; to spare no effort,
慢,màn,mạn,chậm,2,,,,,FALSE,TRUE,tính từ,,忄,1770,man,slow,
忙,máng,mang,"bận, bận rộn",2,,,,,FALSE,TRUE,tính từ,,忄,859,mang,busy; hurriedly; to hurry,
每,měi,mỗi,"mỗi, mỗi một",2,,,,,FALSE,TRUE,đại từ,,母,340,mei,each; every,
妹妹,mèi mei,muội muội,em gái,2,,,,,FALSE,TRUE,danh từ,,女,2093,meimei,younger sister; young woman,
门,mén,môn,"cửa, cổng",2,,,,,FALSE,TRUE,danh từ,門,门,422,men,gate; door; gateway,multi_reading
男人,nán rén,nam nhân,người đàn ông,2,,,,,FALSE,TRUE,danh từ,,田,415,nanren,a man; a male; men,absent_sourceB
您,nín,,"ngài, ông/bà (ngôi 2 kính trọng)",2,,,,,FALSE,TRUE,đại từ,,心,357,nin,"you (courteous, as opposed to informal 你)",
牛奶,niú nǎi,ngưu nãi,sữa bò,2,,,,,FALSE,TRUE,danh từ,,牛,2986,niunai,cow's milk,
女人,nǚ rén,nữ nhân,người phụ nữ,2,,,,'nǚrén' = người phụ nữ (nghĩa HSK2). Nhánh thanh nhẹ 'nǚ ren' là nghĩa 'vợ' trong khẩu ngữ.,TRUE,TRUE,danh từ,,女,383,nuren,woman,override; absent_sourceB; multi_reading
旁边,páng biān,bàng biên,bên cạnh,2,,,,,FALSE,TRUE,danh từ chỉ vị trí,旁邊,方,1815,pangbian,side; adjacent place,
跑步,pǎo bù,bão bộ,chạy bộ,2,,,,,FALSE,TRUE,động từ,,足,7199,paobu,to run; to jog; (military) to march at the double,
票,piào,phiếu,vé,2,,,,,FALSE,TRUE,danh từ,,示,956,piao,ticket; ballot; banknote,
妻子,qī zi,thê tử,vợ,2,,,,,FALSE,TRUE,danh từ,,女,1187,qizi,wife,ambiguous_tone; multi_reading
起床,qǐ chuáng,khởi sàng,"thức dậy, ra khỏi giường",2,,,,,FALSE,TRUE,động từ,,走,2645,qichuang,to get out of bed; to get up,
千,qiān,thiên,nghìn,2,,,,,FALSE,TRUE,số từ,,十,1728,qian,thousand,multi_reading
晴,qíng,tình,"nắng, trời quang",2,,,,,FALSE,TRUE,tính từ,,日,9343,qing,clear; fine (weather),
去年,qù nián,khứ niên,năm ngoái,2,,,,,FALSE,TRUE,danh từ chỉ thời gian,,厶,933,qunian,last year,
让,ràng,nhượng,"để cho, khiến; nhường",2,,,,,FALSE,TRUE,động từ,讓,讠,54,rang,to yield; to permit; to let sb do sth,
上班,shàng bān,thượng ban,đi làm,2,,,,,FALSE,TRUE,động từ,,一,1495,shangban,to go to work; to be on duty; to start work,
身体,shēn tǐ,thân thể,cơ thể; sức khỏe,2,,,,,FALSE,TRUE,danh từ,身體,身,731,shenti,the body; one's health; in person,
生病,shēng bìng,sinh bệnh,"bị bệnh, ốm",2,,,,,FALSE,TRUE,động từ,,生,4336,shengbing,to fall ill,
生日,shēng rì,sinh nhật,sinh nhật,2,,,,,FALSE,TRUE,danh từ,,生,1506,shengri,birthday,
时间,shí jiān,thời gian,thời gian,2,,,,,FALSE,TRUE,danh từ,時間,日,127,shijian,time; period,
事情,shì qing,sự tình,"việc, chuyện",2,,,,,FALSE,TRUE,danh từ,,亅,271,shiqing,affair; matter; thing; business,
手表,shǒu biǎo,thủ biểu,đồng hồ đeo tay,2,,,,,FALSE,TRUE,danh từ,手錶,手,6179,shoubiao,wristwatch,
手机,shǒu jī,thủ cơ,điện thoại di động,2,,,,,FALSE,TRUE,danh từ,手機,手,857,shouji,cell phone; mobile phone,
送,sòng,tống,"tặng; đưa, tiễn",2,,,,,FALSE,TRUE,động từ,,辶,370,song,to send; to deliver; to transmit; to give (as a present); to see (sb) off,
所以,suǒ yǐ,sở dĩ,"cho nên, vì vậy",2,,,,,FALSE,TRUE,liên từ,,户,157,suoyi,therefore; as a result; so,
它,tā,tha,"nó (đồ vật, con vật)",2,,,,,FALSE,TRUE,đại từ,,宀,114,ta,it,
踢,tī,thích,đá (chân),2,,,,,FALSE,TRUE,động từ,,足,2330,ti,to kick; to play (e.g. soccer); (slang) butch (in a lesbian relationship),absent_sourceB
题,tí,đề,"câu hỏi, bài tập; đề",2,,,,,FALSE,TRUE,danh từ,題,页,2690,ti,topic; problem for discussion; exam question,multi_reading
跳舞,tiào wǔ,khiêu vũ,"nhảy múa, khiêu vũ",2,,,,,FALSE,TRUE,động từ,,足,3920,tiaowu,to dance,
外,wài,ngoại,"ngoài, bên ngoài",2,,,,,FALSE,TRUE,danh từ chỉ vị trí,,夕,489,wai,outside; in addition; foreign,
完,wán,hoàn,"xong, hết",2,,,,,FALSE,TRUE,động từ,,宀,395,wan,to finish; to be over; whole,
玩,wán,ngoạn,chơi,2,,,,,FALSE,TRUE,động từ,,王,415,wan,to play; to have fun; to trifle with,multi_reading
晚上,wǎn shang,vãn thượng,buổi tối,2,,,,,FALSE,TRUE,danh từ chỉ thời gian,,日,502,wanshang,evening; night; in the evening,
为,wèi,vi,"vì, cho",2,,,,,FALSE,TRUE,giới từ,為,丶,58,wei,because of; for; to,multi_reading; single_char_multi_tone
问,wèn,vấn,hỏi,2,,,,,FALSE,TRUE,động từ,問,门,246,wen,to ask; to inquire,
问题,wèn tí,vấn đề,vấn đề; câu hỏi,2,,,,,FALSE,TRUE,danh từ,問題,门,109,wenti,question; problem; issue,
希望,xī wàng,hy vọng,"hy vọng, mong",2,,,,,FALSE,TRUE,động từ / danh từ,,巾,182,xiwang,to hope; a hope; a wish,
洗,xǐ,tẩy,"rửa, giặt",2,,,,,FALSE,TRUE,động từ,,氵,1298,xi,to wash; to bathe; to develop (photographs); to shuffle (cards etc),
西瓜,xī guā,tây qua,quả dưa hấu,2,,,,,FALSE,TRUE,danh từ,,西,9098,xigua,watermelon,
向,xiàng,hướng,"về phía, hướng về",2,,,,,FALSE,TRUE,giới từ,,口,165,xiang,towards; to face; to turn towards,multi_reading
小时,xiǎo shí,tiểu thời,"giờ, tiếng (đơn vị thời gian)",2,,,,,FALSE,TRUE,lượng từ,小時,小,389,xiaoshi,hour,
笑,xiào,tiếu,cười,2,,,,,FALSE,TRUE,động từ,,⺮,382,xiao,to laugh; to smile; to laugh at,multi_reading
新,xīn,tân,mới,2,,,,,FALSE,TRUE,tính từ,,斤,150,xin,new; newly; meso- (chemistry),multi_reading
姓,xìng,tính,họ; mang họ là,2,,,,,FALSE,TRUE,danh từ / động từ,,女,3576,xing,family name; surname; to be surnamed,
休息,xiū xi,hưu tức,"nghỉ, nghỉ ngơi",2,,,,,FALSE,TRUE,động từ,,亻,1225,xiuxi,rest; to rest,
雪,xuě,tuyết,tuyết,2,,,,,FALSE,TRUE,danh từ,,雨,1971,xue,snow; (literary) to wipe away (a humiliation etc),multi_reading
颜色,yán sè,nhan sắc,"màu, màu sắc",2,,,,,FALSE,TRUE,danh từ,顏色,页,1880,yanse,color; countenance; appearance,
眼睛,yǎn jing,nhãn tình,con mắt,2,,,,,FALSE,TRUE,danh từ,,目,814,yanjing,eye,
羊肉,yáng ròu,dương nhục,"thịt cừu, thịt dê",2,,,,,FALSE,TRUE,danh từ,,羊,11336,yangrou,mutton; goat meat,
药,yào,dược,thuốc,2,,,,,FALSE,TRUE,danh từ,葯,艹,701,yao,leaf of the iris; variant of 药,multi_reading
要,yào,yếu,"muốn, cần; sẽ",2,,,,,FALSE,TRUE,động từ / động từ năng nguyện,,覀,19,yao,to want; to need; to ask for; will; shall; about to; need to; should,multi_reading; single_char_multi_tone
也,yě,,cũng,2,,,,,FALSE,TRUE,phó từ,,乚,23,ye,(adverb) also; both ... and ... (before predicates only); (literary) particle having functions similar to 啊,multi_reading
一起,yī qǐ,nhất khởi,cùng nhau,2,,,,,FALSE,TRUE,phó từ,,一,172,yiqi,in the same place; together; with,
已经,yǐ jīng,dĩ kinh,"đã, đã rồi",2,,,,,FALSE,TRUE,phó từ,已經,己,85,yijing,already,
意思,yì si,ý tứ,"ý nghĩa, ý",2,,,,,FALSE,TRUE,danh từ,,心,988,yisi,idea; opinion; meaning,
因为,yīn wèi,nhân vị,bởi vì,2,,,,,FALSE,TRUE,liên từ,因為,囗,91,yinwei,because; owing to; on account of,
阴,yīn,âm,"âm u, có mây (thời tiết)",2,,,,,FALSE,TRUE,tính từ,陰,阝,4058,yin,overcast (weather); cloudy; shady,multi_reading
游泳,yóu yǒng,du vịnh,"bơi, bơi lội",2,,,,,FALSE,TRUE,động từ,,氵,3695,youyong,swimming; to swim,
右边,yòu bian,hữu biên,bên phải,2,,,,,FALSE,TRUE,danh từ chỉ vị trí,右邊,口,2906,youbian,"right side; right, to the right",
鱼,yú,ngư,con cá,2,,,,,FALSE,TRUE,danh từ,魚,鱼,1189,yu,fish,multi_reading
元,yuán,nguyên,đồng (đơn vị tiền Trung Quốc),2,,,,,FALSE,TRUE,lượng từ,,儿,744,yuan,currency unit (esp. Chinese yuan); first; original,multi_reading
远,yuǎn,viễn,xa,2,,,,,FALSE,TRUE,tính từ,遠,辶,635,yuan,far; distant; remote,multi_reading; single_char_multi_tone
运动,yùn dòng,vận động,"vận động, thể thao",2,,,,,FALSE,TRUE,động từ / danh từ,運動,辶,1138,yundong,to move; to exercise; sports,
再,zài,tái,"lại, nữa (việc chưa xảy ra)",2,,,,,FALSE,TRUE,phó từ,,冂,91,zai,"again; once more; re-; second; another; then (after sth, and not until then)",
早上,zǎo shang,tảo thượng,buổi sáng sớm,2,,,,,FALSE,TRUE,danh từ chỉ thời gian,,日,1092,zaoshang,early morning,
张,zhāng,trương,"tờ, tấm, cái (lượng từ cho giấy, bàn)",2,,,,,FALSE,TRUE,lượng từ,張,弓,316,zhang,to open up; to spread; sheet of paper,multi_reading
长,cháng,trường,dài,2,,,,,FALSE,TRUE,tính từ,長,长,246,chang,length; long; forever,multi_reading; single_char_multi_sound
丈夫,zhàng fu,trượng phu,chồng,2,,,,,FALSE,TRUE,danh từ,,一,1376,zhangfu,husband,
找,zhǎo,trảo,tìm,2,,,,,FALSE,TRUE,động từ,,扌,152,zhao,to try to find; to look for; to call on sb,
着,zhe,,trợ từ chỉ trạng thái đang tiếp diễn,2,,,,,FALSE,TRUE,trợ từ,著,目,38,zhe,aspect particle indicating action in progress or ongoing state,conflict_sourceB; multi_reading; single_char_multi_sound
真,zhēn,chân,"thật, thật là",2,,,,,FALSE,TRUE,phó từ / tính từ,,目,76,zhen,really; truly; indeed,
正在,zhèng zài,chính tại,đang (làm gì),2,,,,,FALSE,TRUE,phó từ,,止,420,zhengzai,just at (that time); right in (that place); right in the middle of (doing sth),
知道,zhī dào,tri đạo,biết,2,,,,,FALSE,TRUE,động từ,,矢,105,zhidao,to know; to become aware of; also pr. [zhī dao],
准备,zhǔn bèi,chuẩn bị,chuẩn bị,2,,,,,FALSE,TRUE,động từ,準備,冫,333,zhunbei,preparation; to prepare; to intend,
自行车,zì xíng chē,tự hành xa,xe đạp,2,,,,,FALSE,TRUE,danh từ,自行車,自,3400,zixingche,bicycle; bike,
走,zǒu,tẩu,"đi, đi bộ; rời đi",2,,,,,FALSE,TRUE,động từ,,走,109,zou,to walk; to go; to run,
最,zuì,tối,"nhất, nhất là",2,,,,,FALSE,TRUE,phó từ,,曰,89,zui,most; the most; -est (superlative suffix),multi_reading
左边,zuǒ bian,tả biên,bên trái,2,,,,,FALSE,TRUE,danh từ chỉ vị trí,左邊,工,4584,zuobian,left; the left side; to the left of,
